Apple iPhone 13 Pro Max - Graphite - 128GB (with 24 monthly payments),$0.00 now,T-Mobile
Apple iPhone 13 Pro Max (128GB) - Graphite,"$1,099.99",Target
Apple iPhone 13 - Pink - 128GB (with 24 monthly payments),$0.00 now,T-Mobile
"Apple iPhone 13 128 in Pink, Size: 128 GB with installment",$0.00 now,Verizon
"Apple iPhone 13 Pro 128 GB in Graphite, Grey with installment",$0.00 now,Verizon
Apple iPhone 13 Pro - Silver - 512GB (with 24 monthly payments),$199.99 now,T-Mobile
Apple iPhone 13 mini 512 GB in Pink with installment,$0.00 now,Verizon
Apple iPhone 13 mini - Pink- 512GB (with 24 monthly payments),$0.00 now,T-Mobile
Apple iPhone 13 mini - (PRODUCT)RED - 128GB (with 24 monthly payments),$0.00 now,T-Mobile
iPhone 13 Pro Max 128GB (AT&T),"$1,001.30 Refurbished",Gazelle Store
Apple - iPhone 13 Pro Max 5G 128GB - Gold (T-Mobile) - 36 monthly installments,$0.00 now,Best Buy
iPhone 13 128GB Pink Fully unlocked (GSM & CDMA),$775.00 Refurbished,Back Market
Apple iPhone 13 Pro Max 128GB Sierra Blue Unlocked/Sim-Free - Refurbished - Pristine,$979.99 Refurbished,Decluttr Store
iPhone 12 Pro Max 512GB Pacific blue Fully unlocked (GSM & CDMA),$969.00 Refurbished,Back Market
iPhone 12 Pro Max 128GB Silver Fully unlocked (GSM & CDMA),$846.00 Refurbished,Back Market
iPhone 13 Pro Max 256GB (Verizon),"$1,124.80 Refurbished",Gazelle Store
Apple iPhone 13 Pro Max - Sierra Blue - 1TB (with 24 monthly payments),$499.99 now,T-Mobile
Apple iPhone 13 - Pink - 128GB (with 24 monthly payments),$0.00 now,T-Mobile
"Apple iPhone 13 128 in Pink, Size: 128 GB with installment",$0.00 now,Verizon
Apple iPhone 13 Pro 128 GB in Gold with installment,$0.00 now,Verizon
"Apple iPhone 13 mini 512 GB in Red, (PRODUCT)RED with installment",$0.00 now,Verizon
iPhone 13 Pro Max 256GB (AT&T),"$1,101.05 Refurbished",Gazelle Store
iPhone 13 Pro Max 256GB Sierra Blue (GSM Unlocked) Excellent,"$1,191.99 Refurbished",ItsWorthMore
Apple - iPhone 13 Pro Max 5G 512GB - Sierra Blue (AT&T) - 36 monthly installments,$0.00 now,Best Buy
iPhone 12 Pro Max 256GB Gold Fully unlocked (GSM & CDMA),$875.79 Refurbished,Back Market
iPhone 12 Pro Max 128GB Graphite Fully unlocked (GSM & CDMA),$840.00 Refurbished,Back Market
Apple iPhone 13 Pro Max 128GB Gold Unlocked/Sim-Free - Refurbished - Pristine,$979.99 Refurbished,Decluttr Store
Straight Talk - Apple iPhone 13 PRO MAX - Silver - 128GB,"$1,099.99",StraightTalk Wireless
iPhone 11 Pro Max 256GB Space Gray Fully unlocked (GSM & CDMA),$535.00 Refurbished,Back Market
iPhone 11 Pro 256GB Space Gray Fully unlocked (GSM & CDMA),$465.00 Refurbished,Back Market
Apple iPhone 13 Pro Max 128GB Gold - Cricket - Prepaid,"$1,099.99",Cricket Wireless
iPhone 13 mini 128GB Pink Fully unlocked (GSM & CDMA),$670.41 Refurbished,Back Market
iPhone 11 Pro Max 512GB Silver Unlocked GSM,$599.99 Refurbished,Back Market
iPhone 11 Pro Max 64GB Midnight Green Fully unlocked (GSM & CDMA),$509.99 Refurbished,Back Market
Apple Iphone 13 Pro Max - 128gb - Graphite (unlocked) - Ships,"$1,249.99",eBay
"Apple Iphone 13 Pro Max | Unlocked | Blue, Gray | Excellent, Fair, Good | 128Gb, 1T",$966.12Used,Wamatek
Apple iPhone 13 Pro Max 128 GB In Silver Unlocked - New Electronics,"$1,050.00",Mercari
iPhone 11 Pro Max 64GB Gold Fully unlocked (GSM & CDMA),$514.00 Refurbished,Back Market
iPhone 11 Pro Max 64GB Silver Fully unlocked (GSM & CDMA),$509.71 Refurbished,Back Market
"Iphone 13 Pro Max. Brand New. Asking $750 Firm, Pick Up In Fairport. | Color: Cream/White | Size: Os | Dominicdt7503's Closet",$750.00Used,Poshmark
Apple iPhone 13 Pro (Unlocked) - Used iPhones | Phone Daddy | Silver / 512GB / Pristine |,"$1,259.00Used",Phone Daddy
For iPhone 13Pro Max/13 Pro/12 ProMax/12Pro/11 Pro Max/Galaxy S21/S20/Note20/Note/10/A71|Anime D.b.z TPU Bumper Shockproof Case [with screen protector,$15.95,Walmart
iPhone 13 Pro Max - 128GB - Graphite (Condition: Flawless),$980.00 Refurbished,GadgetGone
iPhone 13 Pro Max 512GB (AT&T),"$1,210.30 Refurbished",Gazelle Store
